Student_ID,Attendance_Percentage,Assignment_Score,Midterm_Score,Quiz_Score,Previous_GPA,Participation_Score,Internal_Score
STU001,96.85,43.76,97.25,86.18,7.24,8.34,40.37
STU002,67.63,54.71,43.38,58.02,9.32,6.6,28.68
STU003,64.36,50.48,43.56,61.77,8.48,5.22,27.4
STU004,78.31,84.22,71.85,76.41,5.7,1.55,36.73
STU005,77.07,63.27,56.34,74.86,5.39,8.9,33.31
STU006,73.23,40.49,89.61,78.52,7.92,1.17,33.85
STU007,97.4,59.22,42.71,68.37,7.98,7.18,33.19
STU008,98.43,41.08,45.1,84.08,9,3.44,31.52
STU009,68.2,56.84,30.42,88.53,5.9,5.69,27.52
STU010,98.39,75.64,74.4,54.31,9.4,4.64,39.14
STU011,59.91,92.22,63.85,47.13,5.12,1.84,32.69
STU012,98.69,95.04,57.93,44.64,5.91,6.2,38.17
STU013,89.96,76.4,90.32,76.59,8.3,2.6,40.9
STU014,92.59,45.83,46.74,87.47,7.38,9.58,32.93
STU015,56.95,85.71,80.65,84.89,8.29,3.34,37.08
STU016,69.78,60.28,46.4,67.54,5.82,7.79,30
STU017,64.91,42.65,91.41,59.9,9.17,6.12,33.97
STU018,98.85,90.94,32.92,69.83,7.35,7.63,35.9
STU019,97.44,40.35,78.4,68.93,6.29,5.08,35.27
STU020,96.47,85.35,72.94,94.27,8.87,8.46,42.71
STU021,94.29,67.85,73.41,92.98,8.77,5.45,39.48
STU022,85.93,81.42,40.45,45.32,9.93,8.1,33.76
STU023,84.49,77.44,35.01,50.22,5.09,6.96,31.02
STU024,86.4,69.13,90.27,77.76,6.69,4.16,39.58
STU025,99.08,46.37,43.66,93.11,6.64,5.71,32.47
STU026,94.43,78.4,85.6,98.76,6.61,2.73,41.72
STU027,91.54,90.68,84.07,50.3,9.63,4.29,41.38
STU028,75.18,56.12,52.93,45.55,8.31,4.56,29.85
STU029,88.23,48.96,63.23,60.68,6.58,4.69,32.48
STU030,82.59,47.92,40.32,52.12,5.44,7.59,28.23
STU031,72.23,64.37,74.85,88.73,8.38,4.24,35.89
STU032,68.88,49.81,49.38,67.22,5.25,6.68,28.59
STU033,94.89,75.56,88,68.33,8.43,9.06,42.3
STU034,73.69,64.24,97.93,70.23,8.54,1.47,37.94
STU035,65.26,45.25,80.53,49.69,8.35,3.89,31.44
STU036,56.06,67.32,46.13,89.37,6.32,8.54,30.53
STU037,73.6,63.16,49.74,59.51,9.86,1.66,30.41
STU038,76.24,88.22,79.29,47.87,5.96,7.15,38.12
STU039,99.9,54.65,32.05,96.59,8.83,3.12,31.94
STU040,79.17,78.43,67.94,63.46,5.35,7.83,36.36
STU041,75.46,53.85,85.68,96.69,8.29,1.63,36.33
STU042,63.09,44.39,68.44,73,7.87,7.19,31.12
STU043,90.85,42.37,50.04,96.53,8.22,6.25,32.6
STU044,93.43,42.82,73.02,40.67,8.46,2.44,32.74
STU045,63.09,81.13,56.89,58.28,5.98,6.92,32.7
STU046,71.88,46.52,93.96,35.32,5.73,8.38,34.19
STU047,55.51,96.88,51.3,64.36,9.22,2.99,33.01
STU048,76.68,84.71,68.15,57.59,9.11,7.23,37.36
STU049,60,45.59,56.13,87.82,5.61,2.63,28.07
STU050,55.45,79.37,80.22,49.74,6.1,1.19,33.2
STU051,78.27,55.67,96.39,38.79,7.4,5.77,36.43
STU052,69.22,85.49,93.69,81.91,9.53,6.12,41.4
STU053,76.77,70.95,46.54,37.98,5.27,4.17,29.7
STU054,63.61,93.03,82.34,68.45,6.81,9.73,39.49
STU055,78.81,40.22,35.54,89.89,9.02,6.48,28.58
STU056,58.05,55.52,34.39,83.05,6.18,7.57,26.94
STU057,62.17,93.41,92.36,42.61,9.16,7.39,39.57
STU058,97.05,94.52,32.85,74.47,9.86,6.81,36.76
STU059,98.62,98.61,98.72,53.13,9.81,6.66,46.24
STU060,78.07,96.81,39.67,69.53,9.42,4.54,34.78
STU061,99.9,61.06,50.16,47.57,9.68,2.99,33.19
STU062,82.67,78.29,82.03,58.85,7.01,8.75,39.31
STU063,66.86,51.46,92.42,99.8,8.31,8.11,37.75
STU064,89.43,49.34,57.5,73.16,5.91,3.06,31.87
STU065,81.45,85.4,73.12,94.89,5.01,6.6,39.47
STU066,66.86,67.08,75.34,41.75,8.12,9.02,34.42
STU067,60.81,51.08,33.29,38.47,5.9,2.62,23.03
STU068,93.05,56.21,55.26,47.16,6.91,8.7,33.21
STU069,85.03,63.6,59.16,41.44,5.13,1.51,31.18
STU070,76.38,45.83,43.36,57.55,9.9,8.78,29.33
STU071,75.44,68.77,56.21,96.91,9.52,6.37,35.28
STU072,96.52,71.77,44.74,48.11,9.46,7.47,34.39
STU073,57.69,66.56,50.95,62.63,9.51,3.35,29.52
STU074,64.28,43.34,36.52,60.35,9.18,8.37,26.34
STU075,87.65,89.91,73.47,69.76,6.32,8.89,40.51
STU076,85.31,63.94,31.88,85.16,8.34,8.97,32.02
STU077,87.12,83.43,80.6,55.83,5.16,5.73,38.92
STU078,57.82,64.92,42.43,49.73,6.69,4.84,27.08
STU079,88.8,60.36,38.17,65.99,9.66,5.94,31.57
STU080,99.05,71.69,74.02,66.15,5.06,6.27,38.59
STU081,79.21,50.7,94.8,91.33,9.1,8.53,39.43
STU082,91.43,71.74,61.64,68.01,6.47,1.25,34.97
STU083,85.06,42.23,67.5,50.15,5.94,1.04,30.29
STU084,78.02,81.77,74.86,69.37,5.09,6.85,37.66
STU085,74.02,40.2,86.5,54.54,8.92,6.61,33.86
STU086,58.83,59.73,69.72,50.16,6.04,3.82,30.25
STU087,61.65,52.73,71.84,42.72,7.36,8.23,31.11
STU088,91.09,59.22,72.22,95.89,9.83,4.32,37.95
STU089,80.08,62.12,88.46,45.32,9.98,5.91,37.28
STU090,90.76,65.01,89.31,97.61,7.49,2.5,40.25
STU091,87.59,95.8,86.4,65.93,9.9,1.41,42.01
STU092,99.31,74.71,41.94,62.5,5.16,5.69,33.88
STU093,91.75,69.79,91.2,50.43,9.03,8.56,40.79
STU094,60.16,78.72,32.86,73.01,7.11,7.16,29.51
STU095,69.82,41.81,96.04,79.19,6.43,3.09,34.7
STU096,95.12,68.13,34.88,45.82,7.55,8.73,32
STU097,96.84,78.67,59.31,62.86,7.5,7.28,37.67
STU098,95.79,57.82,76.31,98.72,5.19,5.35,38.22
STU099,96.41,82.22,97.29,52.03,7.46,9,43.64
STU100,59.82,76.07,69.93,59.83,6.86,3.79,33.13
STU101,87.73,91.42,38.46,87.13,8.38,8.86,36.83
STU102,55.74,96.18,71.45,87.78,7.59,3.52,36.87
STU103,75.04,83.35,39.66,60.59,9.63,9.29,33.51
STU104,70.4,52.55,70.57,50.07,6.02,2.65,30.63
STU105,91.06,63.91,76.76,67.02,8.54,6.87,38.09
STU106,96.23,57.88,73.77,54.76,5.55,7.17,36.25
STU107,66.35,98.32,41.53,92.43,5.12,7.41,34.57
STU108,62.6,54.94,42.68,40.59,7.68,1.59,25.44
STU109,86.72,86.28,76.9,43.81,9.49,6.22,39.28
STU110,85.23,51.7,75.78,81.65,6.49,8.39,36.29
STU111,57.53,97.51,71.63,48.24,8.31,3.75,35.55
STU112,83.47,87.89,55.54,36.48,9.25,4.81,35.09
STU113,84.71,45.91,65.41,72.97,6.45,7.99,33.4
STU114,90.18,68.98,73.99,73,8.97,2.73,37.57
STU115,81.73,49.75,55.47,81.49,8.77,9.75,33.46
STU116,84.28,58.47,80.72,38.89,8.57,6.21,35.59
STU117,85.83,98.27,97.84,44.12,8.12,6.72,43.6
STU118,72.51,69.52,90.15,81.51,8.76,8.13,39.57
STU119,87.51,45.69,63.48,43.87,6.5,7.6,31.89
STU120,81.81,79.55,33.3,38.62,7.76,8.63,31.19
STU121,66.08,50.9,58.67,90.79,7.14,2.97,30.49
STU122,68.78,63.47,80.24,80.53,8.53,8.49,36.85
STU123,67.9,48.94,83.91,85.17,6.85,6.22,34.72
STU124,81.13,94.07,94.53,70.73,7.56,4.51,42.63
STU125,55.95,43.94,57.18,61.96,8.64,3.71,27.25
STU126,81.42,93.98,73.83,61.39,5.69,6.83,39.2
STU127,56.15,72.8,65.73,84.54,6.07,6.93,33.46
STU128,56.87,42.5,72.93,50.56,5.91,9.7,29.79
STU129,79.54,44.54,54.42,64.44,5.1,9.68,30.59
STU130,89.04,44.13,95.95,85.24,8.5,9.39,39.77
STU131,81.52,82.37,73.43,86.25,9.62,5.37,39.56
STU132,72.68,46.7,96.55,90.71,6.99,5.65,37.1
STU133,88.01,59.18,92.39,42.59,6.41,2.28,36.56
STU134,59.88,90.52,33.55,39.57,8.46,8.19,29.97
STU135,97.49,82.47,60.03,92.56,7.77,7.62,39.98
STU136,84.03,73.42,93.33,87.5,7.06,2.55,40.46
STU137,71.43,58.56,47.34,72.38,9.23,3.19,30.07
STU138,95.65,59.39,68.75,45.63,8.82,2.48,34.8
STU139,95.34,41.61,88.9,90.77,6.26,9.11,38.83
STU140,64.67,78.53,57.66,45.36,9.15,2.97,31.85
STU141,72.42,87.24,41.86,76.33,9.28,1.61,32.78
STU142,75.64,72.49,48.11,37.52,8.83,4.07,30.83
STU143,75.78,52.47,32.54,63.49,5.44,3.17,26.24
STU144,98.42,41.11,35.11,79.13,6.73,8.23,30.4
STU145,92.23,90.03,83.41,54.74,8.48,2.31,40.73
STU146,77.31,70.59,92.73,65.6,9.57,4.36,39.16
STU147,97.36,45.9,67.07,35.04,8.18,1.46,32.13
STU148,79.1,62.56,84.83,80.36,5.22,3.21,36.56
STU149,85.04,83.05,51.7,58.38,9.09,5.28,35.28
STU150,84.79,65.37,59.68,79.02,7.85,4.35,34.72
STU151,72.36,79.47,58.99,91.21,5.32,2.12,34.25
STU152,60.8,64.85,96.51,78.18,6.4,8.89,37.91
STU153,76.83,55.11,31.43,59.79,9.63,3.92,27.58
STU154,69.62,66.14,36.03,78.05,7.46,6.22,29.7
STU155,60.78,63.75,38.96,91.92,9.9,3.04,29.24
STU156,69.18,69.74,59.23,86.89,8.87,5.34,34.15
STU157,88.88,50.05,42.65,39.21,8.41,3.08,28.6
STU158,65.77,44.83,43.01,94.9,6.21,9.14,28.86
STU159,96.79,89.03,97.18,57.47,9.19,3.36,43.82
STU160,58.09,69.19,69.88,71.4,7.87,5.37,33.27
STU161,75.72,47.96,70.06,75.96,8.31,5.72,33.27
STU162,85.75,77.33,42.13,62.63,7.23,3.75,32.58
STU163,89.7,95.41,48.22,55.15,8.02,4.92,36.36
STU164,76.54,68.95,85.62,38.82,5.56,8.67,36.53
STU165,71.88,83.89,50.37,94.09,5.06,8.79,35.19
STU166,99.8,58.41,96.13,42.39,6.41,6.03,39.43
STU167,81.47,52.77,89.25,55.18,5.89,1.22,34.7
STU168,57.56,73.35,68.49,71.34,7.56,7.44,33.95
STU169,83.05,88.63,46.24,80.56,8.94,7.3,36.48
STU170,64.58,59.83,81.25,39.85,8.1,7.83,33.71
STU171,59.18,86.8,55.79,49.89,8.99,2.29,31.93
STU172,80.98,92.43,83.29,87.29,8.2,2.92,41.31
STU173,78.27,73.12,94.95,98.16,7.97,8.66,42.23
STU174,80.93,53.38,66.05,82.16,5.82,4.72,33.44
STU175,75.13,85.14,93.15,83.21,9.71,5,41.84
STU176,65.91,72.67,50.76,52.88,5.64,5.69,30.41
STU177,62.11,59.23,52.3,91.98,6.94,6.78,31.04
STU178,66.41,89.13,48.67,78.89,8.93,5.76,34.36
STU179,97.25,60.53,35.58,74.25,8.39,7.25,32.68
STU180,63.85,95.88,58.05,50.29,5.5,9.29,34.89
STU181,76.42,45.88,33.36,82.11,6.46,7.19,27.81
STU182,96.5,42.81,33.2,79.6,8.35,8.27,30.53
STU183,86.13,45.12,34.53,77.98,9.14,5.44,29.13
STU184,76.94,56.34,83.71,74.57,6.26,4.4,35.61
STU185,94.37,76.66,85.7,49.81,9.96,7.08,40.98
STU186,98.21,79.57,69.56,45.11,8.02,3.04,37.68
STU187,98.42,52.02,93.65,73.55,8.74,8.53,40.85
STU188,93.89,41.26,30.49,79.72,8.06,9.13,29.75
STU189,91.62,95.35,99.47,91.29,7.34,8.63,46.85
STU190,76.02,59.26,62.72,73.07,6,6.43,33.08
STU191,83.9,64.55,96.72,68.73,9.04,6.18,40.31
STU192,65.53,82.33,99.01,60.07,6.99,2.39,38.68
STU193,55.91,42.52,75.59,68.76,7.09,1.86,29.32
STU194,93.91,73.23,84.69,54.34,6.87,9.77,40.47
STU195,96.72,72.67,71.79,50.49,7.65,1.9,36.85
STU196,80.46,60.03,31.4,48.19,5.5,8.02,28.06
STU197,59.8,95.4,77.86,75.02,8.87,2.36,37.64
STU198,65.91,95.4,89.82,95.49,8.16,1.98,40.95
STU199,82.33,71.17,57.98,92.11,9.91,8.58,37.11
STU200,90.46,83.56,69.99,36.43,8.19,1.16,36.41
STU201,67.98,78.17,91.15,88.19,9.78,8.14,40.83
STU202,66.17,78.18,86.55,67.42,9.92,7.13,38.66
STU203,87.34,74.09,31.86,87.92,9.58,1.51,32.13
STU204,63.83,98.6,60.99,61.46,8.08,4.83,35.75
STU205,66.2,54.24,40.2,89.83,5.5,2.65,27.61
STU206,80.34,77.24,67.26,45.14,9.56,9.16,36.72
STU207,63.35,98.64,30.62,74.6,8.4,3.32,31.5
STU208,60.94,61.28,98.15,48.81,8.17,6.05,36
STU209,55.42,61.44,64.31,38.35,6.52,6.37,29.39
STU210,97.7,63.95,40.97,99.35,5.74,3.9,33.73
STU211,74.91,53.61,99.64,86.51,9.46,1.06,37.97
STU212,63.59,44.13,48.78,68.83,7.5,7.42,27.95
STU213,98.22,59.33,57.03,81.52,8.99,9.57,36.96
STU214,73.02,57.36,34.59,87.82,9.39,2.75,28.91
STU215,69.19,89.26,73.48,96.87,5.13,9.04,39.21
STU216,89.37,72.78,85.95,83.86,5.21,6.49,40.28
STU217,87.23,51.16,30.08,51.38,6.24,4.43,27.05
STU218,87,67.22,91.07,48.38,9.97,2.91,38.58
STU219,65.31,90.83,55.83,86.53,5.3,1.79,33.99
STU220,58.88,52.56,87,72.42,6.02,6.54,33.74
STU221,62.1,84.63,72.92,88.74,7.62,9.36,37.96
STU222,66.3,69.31,89.62,76.55,7.8,5.62,37.58
STU223,71.58,98.09,66.36,64.87,5.6,9.97,38.3
STU224,69.02,48.04,96.7,78.35,8.05,6.42,36.67
STU225,55.82,74.61,48.68,57.6,9.29,2.82,29.51
STU226,66.1,58.14,41.36,76.99,7.06,7.6,29.25
STU227,71.07,46.54,93.5,82.62,5.8,4.1,35.33
STU228,79.33,50.67,72.22,61.47,6.61,4.13,32.84
STU229,97.6,40.22,32.06,86.47,9.21,5.7,30.09
STU230,67.76,43.05,92.86,36.38,9.41,7.4,33.8
STU231,55.73,71.64,35.97,49.25,7.81,2.12,26.26
STU232,55.94,55.05,36.7,39.92,9.44,4.71,24.91
STU233,73.68,72.96,50.39,65.68,6.51,9.02,33.05
STU234,67.63,45,82.47,48.81,6.55,8.39,32.62
STU235,84.48,56.77,64.38,75.08,6.7,6.54,34.38
STU236,92.11,52.96,81.54,37.56,6.82,9,36.2
STU237,62.97,72.93,84.66,92.07,8.38,3.07,37.15
STU238,68,63.05,98.22,90.47,8.1,8.98,39.91
STU239,80.78,74.67,75.51,83.86,7.08,5.35,38.06
STU240,64.63,67.83,45.49,70.83,8.01,3.38,29.77
STU241,61.43,81.06,64.04,67.53,8.99,2.33,33.62
STU242,75.16,58.35,77.07,51.49,6.52,1.74,32.89
STU243,72.44,62.23,90.9,75.79,9.73,9.71,39.12
STU244,78.87,47.76,98.89,56.24,7.57,2.95,36.1
STU245,65.87,52.97,72.23,61.68,9.49,3.06,31.91
STU246,57.67,44.02,56.34,72.08,8.48,9.68,29.31
STU247,83.45,67.52,59.19,44.41,7.93,3.2,32.75
STU248,83.8,52.03,65.23,43.49,9.26,8.95,33.49
STU249,74.18,73.86,37.25,62.78,7.42,2.72,29.77
STU250,55.03,98.13,48.88,55.89,6,6.09,32.29
STU251,68.32,85.47,67.22,62.66,7.72,1.53,34.75
STU252,86.51,45.19,70.42,56.67,6.83,1.29,31.89
STU253,87.5,67.24,32.39,85.84,8.5,3.35,31.46
STU254,74.54,90.13,54.3,96.73,6.25,1.23,35.44
STU255,71.77,64.29,77.58,70.36,6.57,6.43,35.41
STU256,99.28,80.61,76.61,74.27,9.9,6.06,41.68
STU257,65.97,86.59,39.62,74.91,7.71,8.34,32.77
STU258,71.39,88.58,39.84,56.81,8.83,5.22,32.33
STU259,91.68,63.55,34.18,76.2,5.63,9.84,32.21
STU260,65.14,84.03,77.12,53.32,9.34,6.36,36.81
STU261,62.4,77.56,87.7,80.27,8.35,2.04,37.26
STU262,72.85,69.07,37.9,94.46,8.41,3.16,31.04
STU263,86.25,95.42,41.16,52.16,7.41,3.86,34.31
STU264,98.67,53.83,34.44,68.17,5.26,5.6,30.35
STU265,96,87.19,32.75,43.9,6.35,6.16,33.13
STU266,85.66,82.75,82.58,62.72,6.65,7.26,40.05
STU267,81.63,59.46,39.48,62.28,6.6,9.22,30.63
STU268,86.18,56.82,37.99,45.64,6.65,6.65,29.18
STU269,79.74,44.18,64.06,56.5,6.45,5.84,31
STU270,56.13,84.13,61.97,62.46,9.68,4.37,33.46
STU271,64.27,83.52,80.29,79.2,5.22,1.86,36.25
STU272,63.58,60,84.39,91.09,7.8,5.55,36
STU273,65.84,58.27,50.03,36.37,7.91,4.56,27.95
STU274,94.19,60.3,99.1,37.55,9.88,2.59,39.17
STU275,59.63,94.15,87.83,59.22,6.09,8.17,38.92
STU276,75.69,92.63,99.52,75.88,5.46,6.82,42.83
STU277,88.86,85.37,64.82,80.03,8.69,9.26,39.99
STU278,71.23,94.19,39.64,83.9,7.48,5.89,34.16
STU279,91.06,57.03,56.52,60.27,7.51,4.58,33.03
STU280,97.1,56.32,79.56,74.89,9.47,9.35,39.56
STU281,64.22,81.49,54.89,65.26,5.15,2.44,31.61
STU282,92.76,62.29,88.47,41.6,5.63,4.71,37.32
STU283,82.12,41.1,39.37,52.15,9.59,1.74,26.75
STU284,71.51,45.79,59.3,72.02,6.32,2.23,29.3
STU285,95.61,61.14,74.54,47.12,8.08,4.56,36.29
STU286,99.61,86.97,71.5,85.27,5.08,3.12,40.36
STU287,77.11,80.26,36.02,86.92,9.72,4.09,32.87
STU288,84.69,59.99,63.31,40.07,5.75,6.83,32.73
STU289,82.14,70.64,37.91,44.26,7.35,8.43,30.94
STU290,84.72,54.77,35.92,75.87,5.11,3.37,28.74
STU291,58.02,44.77,39.93,60.16,7.24,4.1,24.68
STU292,71.06,79.58,42.36,78.92,8.45,4.14,32.28
STU293,82.26,75.66,89.83,61.22,5.09,6.45,39.16
STU294,82.51,48.29,70.94,78.92,8.03,7.8,34.89
STU295,94.18,51.95,40.61,84.31,8.52,4.91,31.93
STU296,82.33,58.79,38.41,67.32,9.19,6.03,30.57
STU297,91.01,67.72,89.01,41,7.96,5.55,38.62
STU298,90.83,43.71,62.64,41.47,9.03,3.34,31.38
STU299,81.55,48.27,84.48,84.57,5.55,8.92,36.75
STU300,88.62,85.23,37.03,62.88,7.32,3.07,33.03
STU301,69.23,59.37,92.58,57.68,6.62,2.17,35.04
STU302,56.75,65.59,36.21,49.23,5.71,6.69,26.29
STU303,63.6,93.2,80.15,91.48,5.43,4.07,38.57
STU304,62.76,67.63,81.55,81.45,6.04,7.61,36.02
STU305,55.35,73.74,42.67,56.25,8.71,8.79,29.72
STU306,76.62,79.69,75.71,35.77,8.19,8.06,36.75
STU307,58.23,46.87,63.64,96.05,9.59,3.79,30.83
STU308,89.15,67.01,39.48,38.92,6.1,1.65,29.33
STU309,60.04,52.01,41.24,91.38,8.66,9.06,29.19
STU310,75.79,53.67,43.72,75.13,8.85,5.68,30.13
STU311,77.88,58.98,49.05,39.69,8.78,1.28,28.96
STU312,71.2,79.85,32.59,90.13,5.1,5.53,30.93
STU313,66.87,80.07,59.95,66.87,6.23,1.85,32.72
STU314,80.55,99.45,76.06,55.09,9.97,2.76,39.85
STU315,62.16,76.28,55.98,55.39,6.6,2.55,30.76
STU316,71.02,57.01,65.74,70.46,8.16,1.16,31.72
STU317,58.67,84.99,47.97,56.23,8.84,3.94,31.16
STU318,78.04,95.27,54.03,38.83,5.07,4.84,34.19
STU319,56.58,76.5,44.58,78.38,8.52,7.47,31.24
STU320,55.14,65.2,44.4,65.49,6.2,6.04,28.04
STU321,84.88,43.09,53.87,40.03,6.69,7.86,29.72
STU322,96.47,52.01,54.83,94.54,9.15,7.43,35.66
STU323,56.04,82.07,55.8,89.75,5.61,5.9,33
STU324,88.59,41.65,88.74,88.54,8.46,3.33,36.97
STU325,59.05,84.79,74.89,75.72,7.41,3.61,35.75
STU326,90.51,79.52,52.88,70.71,7.64,4.44,35.74
STU327,78.1,44.56,61.72,64.29,8.24,7.44,31.72
STU328,97.57,42.44,67.22,70.02,5.57,2.21,33.03
STU329,95.07,60.86,70.12,72.82,8.63,2.91,36.54
STU330,76.68,67.5,52.24,51.47,7.22,8.18,32.28
STU331,63.94,64.77,74.01,70.63,6.59,3.86,33.33
STU332,97.12,45.92,96.51,86.16,7.67,3.26,39.4
STU333,84.49,60.94,52.9,54.29,8.4,8.2,32.98
STU334,99.84,80.75,51.54,82.17,8.18,2.71,37.14
STU335,74.26,98.08,32.32,90.69,6.07,9.82,34.9
STU336,73.67,46.65,65.35,96.53,7.3,7.82,33.45
STU337,93.22,74.68,88.62,92.78,8.2,9.27,43.29
STU338,94.78,72.7,35.46,94.63,8.31,5.26,34.38
STU339,99.77,66.09,89.45,55.86,5.22,6.79,39.95
STU340,81.82,75.1,66.16,47.93,8.53,8.03,36.08
STU341,91.35,46.15,61.51,77.73,5.25,4.62,32.77
STU342,93.96,58.51,44.04,86.84,5.42,9.43,33.72
STU343,88.09,55.55,50.11,64.26,7.67,2.81,31.3
STU344,73.33,79.65,81.88,85.84,7.67,4.97,38.86
STU345,66.79,77.62,51.38,60.4,7.22,7.38,32.43
STU346,67.3,82.51,60.2,56.5,5.62,3.22,32.79
STU347,81.26,81.25,59.31,61.67,7.08,1.9,34.54
STU348,89.8,90.32,56.11,49.56,8.58,3.4,36.4
STU349,71.25,48.7,52.7,67.78,5.96,1.28,28.1
STU350,93.96,47.36,53.78,83.18,7.61,3.19,32.59
STU351,81.9,56.61,74.95,38.84,5.05,6.74,33.45
STU352,89.24,64.34,34.52,68.37,7.3,7.7,31.54
STU353,90.58,77.61,83.6,81.04,8.64,3.92,40.76
STU354,57.31,69.77,74.49,84.77,9.51,4.52,34.8
STU355,59.67,56.91,30.65,45.45,8.23,8.25,25.56
STU356,56.93,97.52,96.04,60.38,7.95,3.27,39.54
STU357,95.84,99.65,87.29,86.12,7.97,9.08,46.1
STU358,56.83,43.69,91.96,71.79,5.43,3.68,32.23
STU359,83.36,48.28,75.28,43.84,6.8,7.18,33.43
STU360,60.05,72.96,95.48,42.89,9.85,6.14,37.09
STU361,72.72,87.56,30.53,64.27,7.13,1.57,30
STU362,86.69,74.09,60.43,38.97,7.53,6.69,34.67
STU363,74.43,76.97,82.79,83.03,8.05,8.88,39.73
STU364,94.25,92.52,74.45,36.11,9.44,7.9,40.65
STU365,77.01,57.87,43.16,96.18,7.62,6.52,31.68
STU366,71.41,62.92,84.5,56.01,9.9,7.48,36.61
STU367,89.23,98.82,57.02,85.43,8.86,4.12,39.58
STU368,69.64,82.47,84.32,35.04,8.87,3.12,36.41
STU369,77.45,79.67,88.2,44.62,7.82,7.86,39.02
STU370,83.18,77.79,51.26,45,5.49,9.27,33.75
STU371,75,67.78,32.2,46.72,6.18,4.74,27.74
STU372,70.64,59.76,69.42,76.82,6.7,3.87,33.2
STU373,78.14,86.4,79.57,54.44,5.86,8.87,38.91
STU374,69.64,56.41,46.29,75.65,6.8,2.13,28.71
STU375,63.6,50.64,42.08,95.28,6.67,7.4,28.87
STU376,75.98,46.42,79.4,66.03,7.56,3.12,33.18
STU377,65.5,61.86,78.99,47.01,6.41,6.32,33.3
STU378,58.77,57.87,43.97,44.3,9.84,2.33,26.43
STU379,84.33,50.43,31.06,65.79,9.73,4.64,28.39
STU380,75.87,47.26,97.69,72.63,9.72,8.15,38.14
STU381,83.45,45.89,94.54,95.16,8.67,9.61,39.68
STU382,74.44,79.79,65.02,49,6.9,5.64,34.62
STU383,87.51,66.76,51.17,70.36,7.67,7.76,34.33
STU384,57.79,52.62,78.5,36.81,6.4,3.06,29.78
STU385,73.84,94.57,58.81,97.33,7.56,7.6,38.53
STU386,83,92.84,39.07,59.58,6.13,1.99,32.85
STU387,95.8,62.45,48.68,70.69,6.34,9.48,34.57
STU388,64.12,96.34,81.04,99.24,7.98,4.45,40.28
STU389,80.18,66.12,89.92,35.13,7.26,8.06,37.36
STU390,65.73,76.68,84.42,59.45,9.82,1.12,36.17
STU391,68.45,41.56,70.88,56.03,6.53,6.02,30.32
STU392,82.54,81.24,67.35,53.61,8.79,7.39,37.3
STU393,69.02,61.64,70.99,66.45,9.28,6.45,34.24
STU394,99.55,70.69,48.2,77.91,7.04,6.68,35.84
STU395,79.68,45.5,71.74,52.17,9.51,6.24,32.95
STU396,78.6,87.97,44.72,96.65,8.42,7.85,36.43
STU397,75.38,93.69,30.59,54.73,8.54,1.1,30.87
STU398,55.68,47.4,98.89,35.47,5.35,3.47,31.7
STU399,61.01,98.28,68.65,88.55,8.49,4.82,37.96
STU400,83.35,92.55,57.66,62.14,6.2,2.3,35.87
STU401,76.76,54.26,70.35,82.63,8.39,7.01,34.91
STU402,92.04,89.81,39.02,46.65,5.75,9.17,34.65
STU403,58.31,66.59,39.78,69.3,8.33,3.34,27.96
STU404,75.35,86.51,79.13,52.81,6.07,5.86,37.73
STU405,71.25,95.57,97.09,99.9,9.57,6.74,44.49
STU406,76.75,44.73,32.5,46.39,5.82,4,24.83
STU407,67.03,98.36,90.89,72.19,5.12,8.86,41.41
STU408,85.34,52.46,38.91,75.73,9.52,6.66,30.89
STU409,95.02,58.62,56.54,43.87,7.66,3.59,32.69
STU410,95.25,56.48,86.97,66.43,5.58,2.64,37.39
STU411,91.15,84.39,70.21,77.7,7.35,1.96,38.69
STU412,84.61,86.46,94.41,75.89,8.48,3.78,42.4
STU413,58.28,73.31,73.49,94.22,8.55,1.61,34.72
STU414,82.13,50.62,55.72,42.77,7.81,6.56,30.68
STU415,70.69,47.46,55.43,94.2,6.27,1.58,29.76
STU416,76.1,44.5,67.09,81.99,9.57,1.6,32.03
STU417,85.28,99.05,64.03,55.17,8.01,2.95,38.14
STU418,57.18,83.71,41.97,86.93,6.71,6.71,31.61
STU419,59.52,68.77,57.69,89.7,7.64,4.91,32.31
STU420,99.78,66.12,89.32,46.08,8.99,9.11,40.96
STU421,93.9,63.02,62.64,71.69,9.38,1.29,35.26
STU422,70.77,85.83,68.83,82.37,9.8,1.38,36.81
STU423,65.67,60.35,87.89,53.79,5.03,1.7,33.31
STU424,91.94,75.53,71.42,70.78,8.47,5.32,38.63
STU425,63.74,81.17,75.38,66.59,5.14,6.33,35.62
STU426,92.45,98.19,86.38,72.45,5.96,8.56,44.04
STU427,59.85,93.9,78.63,72.18,5.71,4.73,37.23
STU428,97.16,76.88,99.21,50.43,8.48,6.04,42.79
STU429,78,89.91,95.37,94.03,5.24,9.67,43.72
STU430,76.38,66.96,62.89,73.56,7.16,5.2,34.12
STU431,55.16,83.48,90.59,51.44,8.11,8.06,37.53
STU432,85.89,41.06,87.15,99.47,7.79,6.3,37.44
STU433,98.13,49.77,31.31,52.75,6.03,2.07,27.85
STU434,55.68,88.67,99.09,56.32,8.39,4.64,38.98
STU435,59.7,66.3,98.9,93.66,7.87,6.86,38.95
STU436,72.11,41.53,89.48,35.47,5.32,7.7,32.66
STU437,85.54,49.09,67.59,92.16,9.14,6.55,35.5
STU438,82.22,41.9,52.09,50.14,6.91,9.06,29.83
STU439,80.18,96.54,58.7,35.69,7.85,3.74,35.58
STU440,78.21,51.13,78.34,53.13,9.34,9.4,35.26
STU441,98.2,47.8,74.44,56.99,5.24,7.55,35.46
STU442,90.97,45.23,73.39,62.42,5.03,6.12,33.94
STU443,61.8,84.57,56.57,71.05,7.55,6.54,33.86
STU444,62.44,66.92,59.05,90.6,6.84,4.24,32.33
STU445,95.35,49.37,89.84,87.09,9.95,8.22,40.46
STU446,76.51,85.33,76.88,74.63,9.77,1.65,38.35
STU447,68.16,75.38,53.41,76.03,6.81,3.44,32.32
STU448,68.38,57.42,91.28,38.77,8.1,6.41,34.98
STU449,79.58,46.96,52.53,95.72,6.46,2.42,30.7
STU450,90.63,48.97,45.28,48.6,5.56,6.07,29.58
STU451,76.1,54.29,66.81,41.12,5.26,2.49,30.31
STU452,68.37,47.46,38.73,75.31,6.52,5.84,27.14
STU453,74.91,85.05,46.92,88.66,7.77,6.7,35.08
STU454,95.47,77.38,38.81,63.32,6.63,4.99,33.5
STU455,57.84,69.28,51.14,97.34,7.81,5.06,31.65
STU456,77.08,60.18,97.8,55.39,9.83,3.59,37.95
STU457,96.06,66.24,35.58,61.76,9.92,3.08,31.96
STU458,75.23,98.78,97.85,88.66,6.26,5.88,43.9
STU459,68.08,82.06,76.76,64.6,8.8,5.39,37.06
STU460,68.72,68.55,43.28,59.26,7.25,4.18,29.47
STU461,99.01,89.35,30.09,87.92,8.5,6.89,36.3
STU462,85,86.03,43.21,77.23,7.52,4.18,34.65
STU463,91.1,66.58,50.37,95.06,5.24,8.91,35.56
STU464,75.06,92.72,97.62,40.59,8.18,3.89,40.66
STU465,89.56,81.74,71.59,89.53,9.81,8.46,41.2
STU466,67.18,46.3,79.24,91.01,7.05,6.21,33.94
STU467,64.45,61.02,61.95,39.74,9.98,4.13,30.49
STU468,98.59,49.18,96.66,78,7.02,3.98,39.62
STU469,90.64,76.34,95.74,83.85,7.39,5.31,42.6
STU470,95.69,59.22,61.51,78.31,6.2,9.07,36.32
STU471,84.48,59.94,78.12,81.51,9.45,2.81,36.91
STU472,79.12,47.13,85.55,64,8.55,9.52,36.33
STU473,58.48,62.79,66.46,70.69,7.48,7.18,32.33
STU474,70.27,89.39,80.29,87.78,9.24,3.75,39.64
STU475,59.66,72.48,64.12,35.47,5.58,3.95,30.29
STU476,88.7,75.17,48.43,65.44,8.82,7.11,35
STU477,83.21,62.16,51.07,50.5,5.13,9.11,31.92
STU478,58.22,74.47,70.57,53.4,9.14,5.2,33.43
STU479,75.39,71.61,59.59,93.15,5.02,1.97,33.72
STU480,79.6,56.18,88.4,86.59,5.75,3.64,36.91
STU481,65.31,71.22,65.16,71.09,8.78,6.48,34.21
STU482,56.4,43.97,56.15,69.67,5.37,2.85,26.51
STU483,58.99,74.7,66.93,50.72,5.96,2.21,31.33
STU484,63.36,60.47,48.3,74.73,9.77,1.49,29.28
STU485,83.38,99.5,55.86,54.66,6.92,9.94,38.19
STU486,99.3,45.47,96.34,90.03,7.66,5.05,40.23
STU487,96.43,93.39,42.34,90.11,5.79,4.78,37.23
STU488,63.68,90.69,59.92,96.6,7.54,9.46,37.36
STU489,67.72,41.09,38.91,69.81,5.05,9.16,26.48
STU490,95.16,47.66,57.51,73.98,6.19,5.54,33.11
STU491,97.87,92.88,74.49,89.92,5.49,6.07,42.4
STU492,76.37,61.38,75.2,56.85,7.32,7.26,34.99
STU493,96.34,41.52,37,95.12,6.27,3.97,30.1
STU494,63.29,42.47,85.28,68.47,5.11,9.04,32.97
STU495,79.36,88.12,65.98,96.35,6.79,7.99,39.34
STU496,57.08,89.53,90.78,53.15,8.61,9.9,39.23
STU497,98.35,50.99,38.57,40.99,7.94,4.32,29.57
STU498,65.46,67.67,87.39,80.59,6.92,5.3,36.83
STU499,87.86,78.58,31.76,93.32,6.69,2.14,32.44
STU500,79.43,73.56,97.73,50.87,9.83,1.41,39.14
